{"rootTag":"017b2b06069ab7a465a4","dependencies":[{"moduleName":"olympe.sc","dataModelVersion":4}],"operations":[{"o":1,"t":"017b2b06069ab7a465a4","p":{"v":16,"ff023000000000000011":"Icons"}},{"o":1,"t":"017b2b07b8c2aa54d548","p":{"v":1,"ff023000000000000051":{"c":4,"y":2021,"M":8,"d":9,"h":13,"m":8,"s":51,"S":522,"z":0},"ff023000000000000050":"png-transparent-postgre-sql-logo-postgresql-relational-database-management-system-object-relational-database-database-blue-text-logo.png","ff023000000000000053":"/OlympeServer/rest/filesvc/017b2b07b8c2aa54d548","ff023000000000000052":"image/png","ff023000000000000055":{"c":4,"y":2021,"M":8,"d":9,"h":13,"m":8,"s":51,"S":522,"z":0},"ff023000000000000011":"png-transparent-postgre-sql-logo-postgresql-relational-database-management-system-object-relational-database-database-blue-text-logo.png","ff023000000000000054":true}}]}