{"rootTag":"017bc05df32888368aaf","dependencies":[{"moduleName":"olympe.sc","dataModelVersion":4}],"operations":[{"o":1,"t":"017bc05df32888368aaf","p":{"v":8,"ff023000000000000011":"Icons"}},{"o":1,"t":"017bc08347eb33d1aa2d","p":{"v":1,"ff023000000000000051":{"c":4,"y":2021,"M":9,"d":7,"h":13,"m":47,"s":14,"S":283,"z":0},"ff023000000000000050":"S4HANA-cloud-logo-webcast-replay-blog-feature.jpg","ff023000000000000053":"/OlympeServer/rest/filesvc/017bc08347eb33d1aa2d","ff023000000000000052":"image/jpeg","ff023000000000000055":{"c":4,"y":2021,"M":9,"d":7,"h":13,"m":47,"s":14,"S":283,"z":0},"ff023000000000000011":"S4HANA-cloud-logo-webcast-replay-blog-feature.jpg","ff023000000000000054":true}}]}