{"rootTag":"017b1540a01e949be85a","dependencies":[{"moduleName":"olympe.sc","dataModelVersion":4}],"operations":[{"o":1,"t":"017b1540a01e949be85a","p":{"v":22,"ff023000000000000011":"SAP icon"}},{"o":1,"t":"017b15421700aebeedde","p":{"v":1,"ff023000000000000051":{"c":4,"y":2021,"M":8,"d":5,"h":7,"m":40,"s":57,"S":984,"z":0},"ff023000000000000050":"S4HANA-cloud-logo-webcast-replay-blog-feature.jpg","ff023000000000000053":"/OlympeServer/rest/filesvc/017b15421700aebeedde","ff023000000000000052":"image/jpeg","ff023000000000000055":{"c":4,"y":2021,"M":8,"d":5,"h":7,"m":40,"s":57,"S":984,"z":0},"ff023000000000000011":"S4HANA-cloud-logo-webcast-replay-blog-feature.jpg","ff023000000000000054":true}}]}