{"rootTag":"017de16cc1337af12cca","dependencies":[{"moduleName":"olympe.sc","dataModelVersion":4}],"operations":[{"o":1,"t":"017de16cc1337af12cca","p":{"v":1,"ff023000000000000011":"New Media Library"}},{"o":1,"t":"017dfc3ac0053bade6c3","p":{"v":1,"ff023000000000000051":{"c":4,"y":2021,"M":12,"d":27,"h":14,"m":10,"s":48,"S":453,"z":0},"ff023000000000000050":"garamond_console_screens.png","ff023000000000000053":"/OlympeServer/rest/filesvc/017dfc3ac0053bade6c3","ff023000000000000052":"image/png","ff023000000000000055":{"c":4,"y":2021,"M":12,"d":27,"h":14,"m":10,"s":48,"S":453,"z":0},"ff023000000000000011":"garamond_console_screens.png","ff023000000000000054":true}}]}