{"rootTag":"017ebb56ba7cf8e262c0","dependencies":[{"moduleName":"olympe.sc","dataModelVersion":4}],"operations":[{"o":1,"t":"017ebb56ba7cf8e262c0","p":{"v":1,"ff023000000000000011":"New Media Library"}},{"o":1,"t":"017ebb56dc69c0cf47ae","p":{"v":1,"ff023000000000000051":{"c":4,"y":2022,"M":2,"d":2,"h":16,"m":48,"s":58,"S":985,"z":0},"ff023000000000000050":"logo-olympe-white.svg","ff023000000000000053":"/OlympeServer/rest/filesvc/017ebb56dc69c0cf47ae","ff023000000000000052":"image/svg+xml","ff023000000000000055":{"c":4,"y":2022,"M":2,"d":2,"h":16,"m":48,"s":58,"S":985,"z":0},"ff023000000000000011":"logo-olympe-white.svg","ff023000000000000054":true}}]}